videoId,publishedAt,title,channelId,channelTitle,categoryId,liveBroadcastContent,description,viewCount,likeCount,favoriteCount,commentCount,duration,caption,topicCategories,licensedContent,contentRating
TFIauKbM5K0,2021-11-17T12:57:39Z,Workshop C∆° H·ªôi L√†m Vi·ªác T·ª´ Xa Cho Software Engineer & Data Scientist,UCRDt3ECLjvUWTAzYjGBwTxA,Minh-Phuc Tran,22,none,"Bu·ªïi workshop Irelanding (https://irelandingfutures.com/en/home) m√¨nh tham d·ª± ƒë·ªÉ chia s·∫ª v·ªÅ kinh nghi·ªám c≈©ng nh∆∞ m·ªôt s·ªë tips t√¨m vi·ªác l√†m t·ª´ xa t·ªët nha. C√≥ m·ªôt s·ªë tips m√¨nh th·∫•y c·ª±c k·ª≥ h·ªØu √≠ch lu√¥n, n√™n n·∫øu b·∫°n ƒëang mu·ªën t√¨m vi·ªác online th√¨ d√†nh th·ªùi gian xem v√† chia s·∫ª nha, b·∫£o ƒë·∫£m b·∫°n s·∫Ω kh√¥ng th·∫•y ph√≠ 1h30p ƒë√¢u ;)\N\NTheo d√µi m√¨nh ·ªü:\NTwitter: https://twitter.com/phuctm97\NInstagram: https://instagram.com/phuctm97\NFacebook: https://facebook.com/phuctm97",4661,160,0,25,1:43:41,false,,False,{}
YLsmqt4SBB0,2021-09-23T12:00:14Z,H·ªçc S√¢u vs. H·ªçc R·ªông (Specialist vs. Generalist),UCRDt3ECLjvUWTAzYjGBwTxA,Minh-Phuc Tran,22,none,"N√™n h·ªçc s√¢u hay h·ªçc r·ªông? N√™n tr·ªü th√†nh Specialist hay Generalist? ƒêi·ªÉm l·ª£i v√† ƒëi·ªÉm h·∫°i c·ªßa m·ªói c√°ch, v√† c√°ch ƒë·ªÉ ph√°t tri·ªÉn t·ªët h∆°n ·ªü m·ªói h∆∞·ªõng.\N\NTheo d√µi m√¨nh ·ªü:\N- Ti·∫øng Vi·ªát:\NInstagram: https://instagram.com/phuctm97\NFacebook: https://facebook.com/phuctm97\N- Ti·∫øng Anh:\NTwitter: https://twitter.com/phuctm97",3288,271,0,24,0:08:03,false,,False,{}
Rk5FIBlFiQo,2021-09-14T13:15:11Z,L√†m Vi·ªác T·ª´ Xa C√≥ Ph·∫£i ƒê√≥ng Thu·∫ø?,UCRDt3ECLjvUWTAzYjGBwTxA,Minh-Phuc Tran,22,none,"Hi m·ªçi ng∆∞·ªùi, h√¥m nay m√¨nh tr·∫£ l·ªùi c√¢u h·ªèi kh√≥ nh·∫±n nh·ª©t ƒë·∫ßu m√† nhi·ªÅu b·∫°n lo l·∫Øng khi l√†m vi·ªác t·ª´ xa nha. L√†m vi·ªác t·ª´ xa c√≥ ph·∫£i ƒë√≥ng thu·∫ø? Video mang t√≠nh thao kh·∫£o, v√† m√¨nh kh√¥ng chuy√™n v·ªÅ lu·∫≠t v√† thu·∫ø nha üòÑ\N\NC√°ch t√≠nh thu·∫ø thu nh·∫≠p c√° nh√¢n chi ti·∫øt: https://luatvietnam.vn/thue-phi/thue-thu-nhap-ca-nhan-565-23087-article.html\N\NTheo d√µi m√¨nh ·ªü:\N- Ti·∫øng Vi·ªát:\NInstagram: https://instagram.com/phuctm97\NFacebook: https://facebook.com/phuctm97\N- Ti·∫øng Anh:\NTwitter: https://twitter.com/phuctm97",3752,223,0,28,0:06:51,false,,False,{}
PjFVWcKU-_0,2021-09-07T11:25:21Z,M√¨nh c·∫ßn b·∫°n gi√∫p ƒë·ª°,UCRDt3ECLjvUWTAzYjGBwTxA,Minh-Phuc Tran,22,none,"Ch√†o m·ªçi ng∆∞·ªùi, h√¥m nay m√¨nh l√†m video kh√°c m·ªôt t√≠, t√¢m s·ª± v√† l·∫Øng nghe √Ω ki·∫øn t·ª´ m·ªçi ng∆∞·ªùi nha.\N\NM·ªët s·ªë kho√° h·ªçc m√¨nh ƒëang nghƒ© ƒë·∫øn:\N\N1. Gi√∫p nh·ªØng b·∫°n m·ªõi v√†o ng√†nh ƒë∆∞·ª£c ƒëi th·ª±c t·∫≠p s·ªõm\N- L·∫≠p Tr√¨nh Frontend - T·ª´ 0 ƒê·∫øn Th·ª±c T·∫≠p\N- L·∫≠p Tr√¨nh Backend - T·ª´ 0 ƒê·∫øn Th·ª±c T·∫≠p\N- L·∫≠p Tr√¨nh Di ƒê·ªông - T·ª´ 0 ƒê·∫øn Th·ª±c T·∫≠p\N\N2. Gi√∫p nh·ªØng b·∫°n ƒëang th·ª±c t·∫≠p s·ªõm tr·ªü th√†nh junior v√† c√≥ vi·ªác l√†m ch√≠nh th·ª©c:\N- L·∫≠p Tr√¨nh Frontend - T·ª´ Th·ª±c T·∫≠p ƒê·∫øn Junior\N- L·∫≠p Tr√¨nh Backend - T·ª´ Th·ª±c T·∫≠p ƒê·∫øn Junior\N\N3. Gi√∫p nh·ªØng b·∫°n ƒëang l√†m junior (bi·∫øt ti·∫øng Anh) t√¨m ƒë∆∞·ª£c vi·ªác l√†m t·ª´ xa thu nh·∫≠p cao:\N- T·ª´ng B∆∞·ªõc C·ª• Th·ªÉ T·ª´ Junior ƒê·∫øn Vi·ªác L√†m T·ª´ Xa ·ªû N∆∞·ªõc Ngo√†i\N\Nƒê√¢y l√† nh·ªØng ch·ªß ƒë·ªÅ m√† m√¨nh t·ª´ng tr·∫£i qua v√† c√≥ kinh nghi·ªám nhi·ªÅu nh·∫•t, m√¨nh c≈©ng kh√¥ng t√¨m th·∫•y ƒë∆∞·ª£c nh·ªØng kho√° h·ªçc t∆∞∆°ng t·ª± nh∆∞ th·∫ø n√†y. M·ª•c ti√™u c·ªßa m·ªói kho√° h·ªçc l√† gi√∫p b·∫°n thƒÉng ti·∫øn ƒë·∫øn v·ªã tr√≠ ti·∫øp theo v√† c√≥ m·ª©c thu nh·∫≠p cao h∆°n, n√™n gi√° tr·ªã b·∫°n nh·∫≠n ƒë∆∞·ª£c c≈©ng l√† r·∫•t r√µ r√†ng (m√¨nh s·∫Ω c√¢n nh·∫Øc ho√†n ti·ªÅn n·∫øu nh∆∞ b·∫°n kh√¥ng ƒë·∫°t ƒë∆∞·ª£c k·∫øt qu·∫£ mong mu·ªën).\N\NM·ªçi ng∆∞·ªùi c·ª© g√≥p √Ω tho·∫£i m√°i nha, ƒë√¢y l√† nh·ªØng √Ω t∆∞·ªüng ban ƒë·∫ßu c·ªßa m√¨nh th√¥i. N·∫øu m√¨nh l√†m kho√° h·ªçc th√¨ kho√° h·ªçc ph·∫£i th·∫≠t s·ª± mang l·∫°i gi√° tr·ªã x10 cho b·∫°n so v·ªõi chi ph√≠ b·∫°n b·ªè ra, n·∫øu kh√¥ng th√¨ m√¨nh kh√¥ng l√†m ƒë√¢u!\N\NY√™n t√¢m l√† m√¨nh v·∫´n s·∫Ω ra video tr√™n YouTube ƒë·ªÅu nh√©! M√¨nh chia s·∫ª n√†y l√† ƒë·ªÉ v·ª´a minh b·∫°ch v·ª´a bu·ªôc b·∫£n th√¢n ph·∫£i b·∫Øt ƒë·∫ßu suy nghƒ© thi·∫øt k·∫ø m·ªôt h·ªá th·ªëng c√≥ th·ªÉ gi√∫p m√¨nh v·ª´a ti·∫øn xa h∆°n v·ªõi m·ª•c ti√™u c·ªßa m√¨nh v·ª´a c√≥ th·ªÉ ra n·ªôi dung ƒë·ªÅu cho m·ªçi ng∆∞·ªùi tr√™n YouTube m√† kh√¥ng b·ªã qu√° t·∫£i.\N\NThank you!",2828,249,0,142,0:06:05,false,,False,{}
RAICGSkQ5q0,2021-08-31T13:00:13Z,L√†m 1 ƒêi·ªÅu N√†y ƒê·ªÉ C√≥ Vi·ªác L√†m T·ª´ NƒÉm 2,UCRDt3ECLjvUWTAzYjGBwTxA,Minh-Phuc Tran,22,none,ƒêi·ªÅu qu·∫°n tr·ªçng nh·∫•t m√¨nh l√†m gi√∫p m√¨nh c√≥ ƒë∆∞·ª£c vi·ªác l√†m t·ª´ nƒÉm 2 ƒë·∫°i h·ªçc v√† t·ª´ ƒë√≥ ph√°t tri·ªÉn d·∫ßn v·ªÅ sau.\N\NTheo d√µi m√¨nh ·ªü:\N- Ti·∫øng Vi·ªát:\NInstagram: https://instagram.com/phuctm97\NFacebook: https://facebook.com/phuctm97\N- Ti·∫øng Anh:\NTwitter: https://twitter.com/phuctm97\N\NG·ª≠i c√¢u h·ªèi: https://ask1.phuctm97.com\N\NM·ªôt s·ªë s·∫£n ph·∫©m c·ªßa m√¨nh cho ng∆∞·ªùi Vi·ªát:\NVi·ªác Internet: https://viecinternet.com,3805,267,0,36,0:18:16,false,,False,{}
zosjQO2r1Uw,2021-08-24T13:00:13Z,"V·ª´a ƒëi h·ªçc v·ª´a ƒëi l√†m, t·ªët nghi·ªáp lo·∫°i gi·ªèi - 4 ƒëi·ªÅu m√¨nh l√†m",UCRDt3ECLjvUWTAzYjGBwTxA,Minh-Phuc Tran,22,none,4 ƒëi·ªÅu m√¨nh l√†m ƒë·ªÉ c√≥ th·ªÉ v·ª´a ƒëi h·ªçc v·ª´a ƒëi l√†m nh∆∞ng v·∫´n c√≥ th·ªÉ gi·ªØ th√†nh t√≠ch h·ªçc t·∫≠p t·ªët v√† nh·∫≠n h·ªçc b·ªïng.\N\NTheo d√µi m√¨nh ·ªü:\N- Ti·∫øng Vi·ªát:\NInstagram: https://instagram.com/phuctm97\NFacebook: https://facebook.com/phuctm97\N- Ti·∫øng Anh:\NTwitter: https://twitter.com/phuctm97\N\NG·ª≠i c√¢u h·ªèi: https://ask1.phuctm97.com\N\NM·ªôt s·ªë s·∫£n ph·∫©m c·ªßa m√¨nh cho ng∆∞·ªùi Vi·ªát:\NVi·ªác Internet: https://viecinternet.com,4869,350,0,39,0:10:06,false,,False,{}
lr0sdfbteE4,2021-08-17T12:00:17Z,C√¥ng th·ª©c gi√∫p ng∆∞·ªùi l√†m IT th∆∞·ªùng gi√†u? (P2),UCRDt3ECLjvUWTAzYjGBwTxA,Minh-Phuc Tran,22,none,"Video ph·∫ßn 1: https://youtu.be/P1i3CT329J4\N\NNg√†nh IT ƒëang ng√†y m·ªôt tr·ªü n√™n ph·ªï bi·∫øn v√† ""hot"" h∆°n, ng√†y c√†ng nhi·ªÅu nh·ªØng ng∆∞·ªùi th√†nh c√¥ng v√† n·ªïi ti·∫øng xu·∫•t ph√°t t·ª´ ng√†nh IT, ng√†y c√†ng nhi·ªÅu nh·ªØng n·ªôi dung khuy√™n n√™n h·ªçc IT nh∆∞ng l·∫°i ch∆∞a c√≥ nhi·ªÅu n·ªôi dung gi·∫£i th√≠ch l√Ω v√¨ sao hay ƒë·∫∑c ƒëi·ªÉm n√†o gi√∫p ng∆∞·ªùi l√†m ng√†nh IT th∆∞·ªùng c√≥ nhi·ªÅu c∆° h·ªôi, ph√°t tri·ªÉn t√†i ch√≠nh, v√† c√≥ ·∫£nh h∆∞·ªüng l·ªõn h∆°n.\N\NTrong video n√†y m√¨nh s·∫Ω gi·∫£i th√≠ch nh·ªØng ƒë·∫∑c ƒëi·ªÉm m√† m√¨nh cho l√† quan tr·ªçng nh·∫•t c·ªßa ng√†nh IT m√† m√¨nh lu√¥n t·∫≠p trung ph√°t tri·ªÉn v√†o trong su·ªët qu√£ng ƒë∆∞·ªùng kinh nghi·ªám c·ªßa m√¨nh. B·∫°n kh√¥ng c·∫ßn ph·∫£i l√† d√¢n IT ƒë·ªÉ xem video. Video gi√∫p c·∫£ nh·ªØng b·∫°n l√†m IT v√† kh√¥ng l√†m IT hi·ªÉu h∆°n v·ªÅ nh·ªØng ƒë·∫∑c ƒëi·ªÉm gi√∫p b·∫£n th√¢n tr·ªü n√™n gi√° tr·ªã h∆°n trong ng√†nh, t·ª´ ƒë√≥ c√≥ c√°ch ph√°t tri·ªÉn b·∫£n th√¢n nhanh h∆°n.\N\NN·ªôi dung li√™n quan:\N- Phim Steve Jobs (2015): https://www.imdb.com/title/tt2080374/\N- S√°ch Tools of Titans: https://tiki.vn/tools-of-titans-p573927.html\N- Podcast c·ªßa Naval n√≥i chi ti·∫øt h∆°n v·ªÅ specific knowledge:\N  - https://youtu.be/E-wCAXBHnic\N  - https://youtu.be/89pHEcjtoXU\N- B√†i vi·∫øt n√≥i v·ªÅ chia s·∫ª c·ªßa Khoa Pug: https://www.yan.vn/khoa-pug-khuyen-si-tu-nen-chon-nganh-it-vi-luong-cao-de-mua-nha-271979.html\N\NTheo d√µi m√¨nh ·ªü:\N- Ti·∫øng Vi·ªát:\NInstagram: https://instagram.com/phuctm97\NFacebook: https://facebook.com/phuctm97\N- Ti·∫øng Anh:\NTwitter: https://twitter.com/phuctm97\N\NG·ª≠i c√¢u h·ªèi: https://ask1.phuctm97.com\N\NM·ªôt s·ªë s·∫£n ph·∫©m c·ªßa m√¨nh cho ng∆∞·ªùi Vi·ªát:\NVi·ªác Internet: https://viecinternet.com",3283,217,0,17,0:11:45,false,,False,{}
P1i3CT329J4,2021-08-10T12:00:17Z,ƒê·∫∑c ƒëi·ªÉm n√†o gi√∫p ng∆∞·ªùi l√†m IT th∆∞·ªùng gi√†u? (P1),UCRDt3ECLjvUWTAzYjGBwTxA,Minh-Phuc Tran,22,none,"Ng√†nh IT ƒëang ng√†y m·ªôt tr·ªü n√™n ph·ªï bi·∫øn v√† ""hot"" h∆°n, ng√†y c√†ng nhi·ªÅu nh·ªØng ng∆∞·ªùi th√†nh c√¥ng v√† n·ªïi ti·∫øng xu·∫•t ph√°t t·ª´ ng√†nh IT, ng√†y c√†ng nhi·ªÅu nh·ªØng n·ªôi dung khuy√™n n√™n h·ªçc IT nh∆∞ng l·∫°i ch∆∞a c√≥ nhi·ªÅu n·ªôi dung gi·∫£i th√≠ch l√Ω v√¨ sao hay ƒë·∫∑c ƒëi·ªÉm n√†o gi√∫p ng∆∞·ªùi l√†m ng√†nh IT th∆∞·ªùng c√≥ nhi·ªÅu c∆° h·ªôi, ph√°t tri·ªÉn t√†i ch√≠nh, v√† c√≥ ·∫£nh h∆∞·ªüng l·ªõn h∆°n.\N\NTrong video n√†y m√¨nh s·∫Ω gi·∫£i th√≠ch nh·ªØng ƒë·∫∑c ƒëi·ªÉm m√† m√¨nh cho l√† quan tr·ªçng nh·∫•t c·ªßa ng√†nh IT m√† m√¨nh lu√¥n t·∫≠p trung ph√°t tri·ªÉn v√†o trong su·ªët qu√£ng ƒë∆∞·ªùng kinh nghi·ªám c·ªßa m√¨nh. B·∫°n kh√¥ng c·∫ßn ph·∫£i l√† d√¢n IT ƒë·ªÉ xem video. Video gi√∫p c·∫£ nh·ªØng b·∫°n l√†m IT v√† kh√¥ng l√†m IT hi·ªÉu h∆°n v·ªÅ nh·ªØng ƒë·∫∑c ƒëi·ªÉm gi√∫p b·∫£n th√¢n tr·ªü n√™n gi√° tr·ªã h∆°n trong ng√†nh, t·ª´ ƒë√≥ c√≥ c√°ch ph√°t tri·ªÉn b·∫£n th√¢n nhanh h∆°n.\N\NN·ªôi dung li√™n quan:\N- Podcast c·ªßa Naval n√≥i chi ti·∫øt h∆°n v·ªÅ specific knowledge:\N  - https://youtu.be/E-wCAXBHnic\N  - https://youtu.be/89pHEcjtoXU\N- B√†i vi·∫øt n√≥i v·ªÅ chia s·∫ª c·ªßa Khoa Pug: https://www.yan.vn/khoa-pug-khuyen-si-tu-nen-chon-nganh-it-vi-luong-cao-de-mua-nha-271979.html\N\NTheo d√µi m√¨nh ·ªü:\N- Ti·∫øng Vi·ªát:\NInstagram: https://instagram.com/phuctm97\NFacebook: https://facebook.com/phuctm97\N- Ti·∫øng Anh:\NTwitter: https://twitter.com/phuctm97\N\NG·ª≠i c√¢u h·ªèi: https://ask1.phuctm97.com\N\NM·ªôt s·ªë s·∫£n ph·∫©m c·ªßa m√¨nh cho ng∆∞·ªùi Vi·ªát:\NVi·ªác Internet: https://viecinternet.com",3756,260,0,28,0:12:52,false,,False,{}
L0UVaEJEGDo,2021-08-03T15:55:21Z,So s√°nh m√¥i tr∆∞·ªùng l√†m vi·ªác ·ªü Vi·ªát Nam vs Singapore,UCRDt3ECLjvUWTAzYjGBwTxA,Minh-Phuc Tran,22,none,"Livestream v·ªõi anh Tr·∫ßn ƒê·ªãnh Thi (c·ª±u sinh vi√™n UIT, ƒëang s·ªëng v√† l√†m vi·ªác ·ªü Singapore) v·ªÅ story c·ªßa anh, tr∆∞·ªõc v√† sau khi sang Singapore nha! M·ªçi ng∆∞·ªùi ƒë√≥n xem v√† g·ª≠i c√¢u h·ªèi nh√©!\N\NTheo d√µi anh Thi ·ªü:\NFacebook: https://www.facebook.com/trandinhthi\NMedium: https://dinhthibc.medium.com\NLinkedIn: https://www.linkedin.com/in/trandinhthi",4607,173,0,0,1:19:41,false,,False,{}
kJS4eXAg9iM,2021-07-27T15:00:11Z,B·∫£ng ƒëi·ªÉm ƒêH c·ªßa m√¨nh v√† chuy·ªán g√¨ di·ªÖn ra ·ªü ƒêH CNTT?,UCRDt3ECLjvUWTAzYjGBwTxA,Minh-Phuc Tran,22,none,"S·∫µn d·ªãp m·ªôt s·ªë b·∫°n v·ª´a c√≥ k·∫øt qu·∫£ ƒë·∫°i h·ªçc v√† ƒëang ph√¢n v√¢n v·ªÅ ch·ªçn tr∆∞·ªùng v√† ng√†nh, chia s·∫ª m·ªçi ng∆∞·ªùi chuy·ªán g√¨ di·ªÖn ra ·ªü ƒêH CNTT, m√¥n h·ªçc n√†o l√† quan tr·ªçng, n√™n h·ªçc hay kh√¥ng quan tr·ªçng v√† kh√¥ng n√™n h·ªçc nha. ƒê·ªìng th·ªùi, chia s·∫ª full b·∫£ng ƒëi·ªÉm c·ªßa m√¨nh cho video th√™m th√∫ v·ªã lu√¥n nha :)\N\NS·∫£n ph·∫©m so s√°nh thu·∫≠t to√°n nƒÉm 1 c·ªßa m√¨nh: https://www.facebook.com/phuctm97/posts/303470023330013\N\NTheo d√µi m√¨nh ·ªü:\N- Ti·∫øng Vi·ªát:\NInstagram: https://instagram.com/phuctm97\NFacebook: https://facebook.com/phuctm97\N- Ti·∫øng Anh:\NTwitter: https://twitter.com/phuctm97\N\NG·ª≠i c√¢u h·ªèi: https://ask1.phuctm97.com\N\NM·ªôt s·ªë s·∫£n ph·∫©m c·ªßa m√¨nh cho ng∆∞·ªùi Vi·ªát:\NVi·ªác Internet: https://viecinternet.com",13266,462,0,88,0:23:45,false,,False,{}
aEjacXsS0VU,2021-07-20T14:10:02Z,L·ªô tr√¨nh h·ªçc ƒë·∫°i h·ªçc CNTT trong 60s #shorts,UCRDt3ECLjvUWTAzYjGBwTxA,Minh-Phuc Tran,22,none,"L·ªô tr√¨nh h·ªçc ƒë·∫°i h·ªçc CNTT/l·∫≠p tr√¨nh trong 60s\N\NChu·ªói b√†i vi·∫øt chi ti·∫øt h∆°n v·ªÅ qu√° tr√¨nh h·ªçc ƒë·∫°i h·ªçc c·ªßa m√¨nh: https://phuctm97.medium.com/so3-thachthuc100baiviet-toi-da-thay-doi-muc-tieu-thu-nhap-sau-ra-truong-len-gap-6-lan-sau-4-nam-dai-hoc-p1-22310d0c5759\N\NTu·∫ßn n√†y m√¨nh h∆°i b·∫≠n v·ªõi s·∫£n ph·∫©m tr√™n Twitter t√≠ v√† s·∫µn YouTube v·ª´a ra Short cho iOS n√™n th·ª≠ nghi·ªám video ng·∫Øn n√†y nh√©, c≈©ng kh√° b·ªï √≠ch ƒë·∫•y üòâ\N\NFacebook: https://facebook.com/phuctm97\NInstagram: https://instagram.com/phuctm97\NTwitter: https://twitter.com/phuctm97\NVi·ªác Internet: https://viecinternet.com",6891,308,0,33,0:00:50,false,,False,{}
ouNN0PBYaVU,2021-07-13T14:54:55Z,"#livestream1 Tr·∫£ L·ªùi 100 C√¢u H·ªèi V·ªÅ L·∫≠p Tr√¨nh V√† C√¥ng Vi·ªác, T√¨m Video Editor",UCRDt3ECLjvUWTAzYjGBwTxA,Minh-Phuc Tran,22,none,"Ch√†o m·ªçi ng∆∞·ªùi ƒë·∫øn bu·ªïi livestream ƒë·∫ßu ti√™n c·ªßa m√¨nh!\N\NN·ªôi dung:\N- Tr·∫£ l·ªùi 100+ c√¢u h·ªèi v·ªÅ l·∫≠p tr√¨nh, h·ªçc t·∫≠p, c√¥ng vi·ªác, v√† ph√°t tri·ªÉn b·∫£n th√¢n m√¨nh nh·∫≠n ƒë∆∞·ª£c trong th√°ng v·ª´a qua\N- T√¨m video editor\N- C·∫≠p nh·∫≠t thay ƒë·ªïi v√† k·∫ø ho·∫°ch YouTube c·ªßa m√¨nh\N\NG·ª≠i c√¢u h·ªèi: https://ask1.phuctm97.com\NVi·ªác Internet: https://viecinternet.com\N\NTheo d√µi cho n·ªôi dung m·ªói ng√†y:\N- Ti·∫øng Vi·ªát:\NInstagram: https://instagram.com/phuctm97\NFacebook: https://facebook.com/phuctm97\N- Ti·∫øng Anh:\NTwitter: https://twitter.com/phuctm97",3617,137,0,12,1:19:21,false,,False,{}
oB62GaDVLuc,2021-07-06T12:00:28Z,100 Website Gi√∫p B·∫°n Ki·∫øm Ti·ªÅn Online,UCRDt3ECLjvUWTAzYjGBwTxA,Minh-Phuc Tran,22,none,"Vi·ªác Internet: https://viecinternet.com\N\NTrang web mi·ªÖn ph√≠ t·ªïng h·ª£p c√°c c√°ch v√† n·ªÅn t·∫£ng kh√°c nhau gi√∫p b·∫°n ki·∫øm ti·ªÅn online, ·ªü nh√†, theo th·ªùi gian, v√† ch·ªß ƒë·ªÅ b·∫°n th√≠ch. Hi v·ªçng s·∫Ω gi√∫p ƒë∆∞·ª£c m·ªçi ng∆∞·ªùi, ƒë·∫∑c bi·ªát l√† nh·ªØng b·∫°n tr·∫ª mu·ªën l√†m ch·ªß b·∫£n th√¢n c√≥ ƒë∆∞·ª£c c√¥ng vi·ªác ∆∞a th√≠ch, theo th·ªùi gian ∆∞a th√≠ch. Like v√† chia s·∫ª ƒë·ªÉ c√πng gi√∫p ƒë·ª° l·∫´n nhau nh√©!\N\NN·∫øu b·∫°n c√≥ c√¢u h·ªèi hay th·∫Øc m·∫Øc th√¨ c·ª© h·ªèi ·ªü link trong trang web ho·∫∑c b√¨nh lu·∫≠n b√™n d∆∞·ªõi. M·ªçi ƒë√≥ng g√≥p hay g√≥p √Ω m√¨nh ƒë·ªÅu tr√¢n tr·ªçng v√¨ n√≥ gi√∫p trang web tr·ªü n√™n ƒëa d·∫°ng v√† h·ªØu √≠ch h∆°n nha!\N\NTheo d√µi cho n·ªôi dung m·ªói ng√†y:\N- Ti·∫øng Vi·ªát:\NInstagram: https://instagram.com/phuctm97\NFacebook: https://facebook.com/phuctm97\N- Ti·∫øng Anh:\NTwitter: https://twitter.com/phuctm97",9660,553,0,59,0:10:12,false,,False,{}
H7ZxjyOED1M,2021-06-29T13:30:27Z,T·ª± H·ªçc L·∫≠p Tr√¨nh Web Mi·ªÖn Ph√≠,UCRDt3ECLjvUWTAzYjGBwTxA,Minh-Phuc Tran,22,none,"H∆∞·ªõng d·∫´n b·∫Øt ƒë·∫ßu t·ª± h·ªçc l·∫≠p tr√¨nh web v·ªõi l·ªô tr√¨nh chi ti·∫øt, s·ª≠ d·ª•ng 1 website duy nh·∫•t, ho√†n to√†n mi·ªÖn ph√≠, ƒë∆∞·ª£c s·ª≠ d·ª•ng v√† ƒë√≥ng g√≥p b·ªüi c√°c l·∫≠p tr√¨nh vi√™n v√† c√¥ng ty h√†ng ƒë·∫ßu nh∆∞ Apple, Google, Amazon, v.v. K·∫øt h·ª£p v·ª´a h·ªçc l·∫≠p tr√¨nh v·ª´a h·ªçc ti·∫øng Anh.\N\NFreeCodeCamp: https://freecodecamp.org/\NVideo B·∫Øt ƒê·∫ßu V·ªõi HTML/Web: https://youtu.be/pQN-pnXPaVg\N\NTheo d√µi cho n·ªôi dung m·ªói ng√†y:\N- Ti·∫øng Vi·ªát:\NInstagram: https://instagram.com/phuctm97\NFacebook: https://facebook.com/phuctm97\N- Ti·∫øng Anh:\NTwitter: https://twitter.com/phuctm97",11116,549,0,56,0:12:26,false,,False,{}
jUy6dnV0xT4,2021-06-22T12:13:37Z,M√¨nh b·∫Øt ƒë·∫ßu t·ª± h·ªçc l·∫≠p tr√¨nh t·ª´ con s·ªë 0 nh∆∞ th·∫ø n√†o?,UCRDt3ECLjvUWTAzYjGBwTxA,Minh-Phuc Tran,22,none,"Tr·∫£ l·ªùi c√¢u h·ªèi m√¨nh nh·∫≠n ƒë∆∞·ª£c nhi·ªÅu nh·∫•t: M√¨nh b·∫Øt ƒë·∫ßu t·ª± h·ªçc l·∫≠p tr√¨nh nh∆∞ th·∫ø n√†o?\N\NHi v·ªçng s·∫Ω truy·ªÅn ƒë∆∞·ª£c c·∫£m h·ª©ng v√† m·ªôt s·ªë b√†i h·ªçc cho nh·ªØng b·∫°n ƒëang mu·ªën b·∫Øt ƒë·∫ßu. Video thu tr·ª±c ti·∫øp 1 l·∫ßn duy nh·∫•t b·∫±ng ƒëi·ªán tho·∫°i, kh√¥ng k·ªãch b·∫£n, hi v·ªçng c√¢u chuy·ªán ƒë·ªß ch√¢n th·∫≠t v√† th√∫ v·ªã ƒë·ªÉ m·ªçi ng∆∞·ªùi b·ªè qua c√°c l·ªói k·ªπ thu·∫≠t. C·∫£m ∆°n m·ªçi ng∆∞·ªùi!\N\N√Ä, n·∫øu v·∫´n ch∆∞a quy·∫øt ƒë·ªãnh ƒë∆∞·ª£c ng√¥n ng·ªØ l·∫≠p tr√¨nh n√†o ƒë·ªÉ h·ªçc. Th√¨ h·ªçc JavaScript nh√©! M√¨nh ch·ªâ ch·ªçn gi√∫p b·∫°n th√¥i, kh√¥ng c√≥ l√Ω do g√¨ ƒë·∫∑c bi·ªát c·∫£, ng√¥n ng·ªØ n√†o c≈©ng ch·ªâ l√† m·ªôt c√¥ng c·ª• ƒë·ªÉ b·∫Øt ƒë·∫ßu th√¥i!\N\NTheo d√µi cho n·ªôi dung m·ªói ng√†y:\N- Ti·∫øng Vi·ªát:\NInstagram: https://instagram.com/phuctm97\NFacebook: https://facebook.com/phuctm97\N- Ti·∫øng Anh:\NTwitter: https://twitter.com/phuctm97",30509,917,0,65,0:13:53,false,,False,{}
FGJdlhCeRc8,2021-06-15T11:00:10Z,"C√°ch M√¨nh X√¢y D·ª±ng App ƒê·∫ßu Ti√™n 50,000 L∆∞·ª£t T·∫£i V√† B√†i H·ªçc",UCRDt3ECLjvUWTAzYjGBwTxA,Minh-Phuc Tran,22,none,V·ª´a ƒÉn b∆° v·ª´a chia s·∫ª m·ªçi ng∆∞·ªùi c√¢u chuy·ªán m√¨nh v·∫•n th√¢n v√†o con ƒë∆∞·ªùng IT v√¨ l·ª° up con app ƒë·∫ßu ti√™n :) v√† v√¥ t√¨nh c√≥ 50k l∆∞·ª£t t·∫£i c√πng m·ªôt s·ªë b√†i h·ªçc cho c√°c b·∫°n mu·ªën b·∫Øt ƒë·∫ßu.\N\NC√°c b√†i vi·∫øt v·ªÅ s·∫£n ph·∫©m c·ªßa m√¨nh:\Nhttps://gamek.vn/esport/xuat-hien-ban-pes-2016-cuc-khung-do-chinh-tay-nguoi-viet-lam-ra-20160224124420443.chn\Nhttps://www.pes-patch.com/pes-2015-dpfilelist-smart-update-v0-5-by-phuc-kido-proitboy/\Nhttps://www.pes-patch.com/pes-2015-dpfilelist-v1-2-by-phuc-kido-proitboy/\Nhttps://www.pes-patch.com/pes-2015-dpfilelist-v1-4-by-phuc-kido-proitboy/\Nhttps://www.pes-patch.com/dpfilelist-update-v1-6-by-proitboy/\Nhttps://www.pes-patch.com/pes-2015-dpfilelist-update-v1-8-by-proitboy/\Nhttps://www.google.com/search?q=dpfilelist+update\N\NTheo d√µi cho n·ªôi dung m·ªói ng√†y:\N- Ti·∫øng Vi·ªát:\NInstagram: https://instagram.com/phuctm97\NFacebook: https://facebook.com/phuctm97\N- Ti·∫øng Anh:\NTwitter: https://twitter.com/phuctm97,5255,254,0,33,0:11:34,false,,False,{}
4kaHAszUs90,2021-06-08T11:30:11Z,CaÃÅch HoÃ£c TieÃÇÃÅng Anh Cho NguÃõoÃõÃÄi MoÃõÃÅi BaÃÜÃÅt ƒêaÃÇÃÄu (Talk To Myself #1),UCRDt3ECLjvUWTAzYjGBwTxA,Minh-Phuc Tran,22,none,"C√°ch h·ªçc ti·∫øng Anh cho ng∆∞·ªùi m·ªõi b·∫Øt ƒë·∫ßu d·ª±a tr√™n kinh nghi·ªám b·∫£n th√¢n c·ªßa m√¨nh. C√≥ ph·ª• ƒë·ªÅ ti·∫øng Anh l·∫´n ti·∫øng Vi·ªát, m·ªçi ng∆∞·ªùi b·∫≠t n·∫øu c·∫ßn nh√©!\N\NVideo ti·∫øng Anh ƒë·∫ßu ti√™n v√† kh√¥ng c√≥ k·ªãch b·∫£n n√™n m·ªçi ng∆∞·ªùi th√¥ng c·∫£m n·∫øu ch·∫•t l∆∞·ª£ng h∆°i d·ªüm nh√© :)\N\N·ª®ng d·ª•ng h·ªçc ti·∫øng Anh mi·ªÖn ph√≠: https://www.duolingo.com\N\NTheo d√µi cho n·ªôi dung m·ªói ng√†y:\N- Ti·∫øng Vi·ªát:\NInstagram: https://instagram.com/phuctm97\NFacebook: https://facebook.com/phuctm97\N- Ti·∫øng Anh:\NTwitter: https://twitter.com/phuctm97",5261,319,0,42,0:10:19,true,,False,{}
LJiUIJOFyhU,2021-06-01T11:00:12Z,$3-4k ng√†nh IT c√≥ kh√≥? C√°ch tr·ªü n√™n n·ªïi b·∫≠t h∆°n? Q&A 5000,UCRDt3ECLjvUWTAzYjGBwTxA,Minh-Phuc Tran,22,none,"Q&A 17 c√¢u h·ªèi v·ªÅ ƒë·ªÅ t√†i IT, l·∫≠p tr√¨nh, h·ªçc t·∫≠p v√† ph√°t tri·ªÉn b·∫£n th√¢n. C·∫£m ∆°n 5000+ b·∫°n ƒë·∫ßu ti√™n ƒë√£ ·ªßng h·ªô m√¨nh nha, s·∫Ω c√≥ nhi·ªÅu n·ªôi dung b·ªï √≠ch n·ªØa cho m·ªçi ng∆∞·ªùi üíö\N\NTheo d√µi cho n·ªôi dung m·ªói ng√†y:\N- Ti·∫øng Vi·ªát:\NInstagram: https://instagram.com/phuctm97\NFacebook: https://facebook.com/phuctm97\N- Ti·∫øng Anh:\NTwitter: https://twitter.com/phuctm97\N\NFreecodecamp: https://freecodecamp.org\NCodecademy: https://www.codecademy.com\NVideo c·ªßa Ashley: https://youtu.be/b1N4lm0R8q8",11260,539,0,76,0:22:45,false,,False,{}
XYLVQthtawU,2021-05-23T15:17:56Z,"N√≥i chuy·ªán IT. T·ª± h·ªçc hay ƒê·∫°i h·ªçc? Tr∆∞·ªùng n√†o, Ng√†nh n√†o?",UCRDt3ECLjvUWTAzYjGBwTxA,Minh-Phuc Tran,22,none,"H·ªçc IT ·ªü Vi·ªát Nam th√¨ h·ªçc ƒê·∫°i h·ªçc tr∆∞·ªùng n√†o, ng√†nh n√†o? C√≥ t·ª± h·ªçc ƒë∆∞·ª£c kh√¥ng?\N\NH√¥m nay m√¨nh h∆°i b·∫≠n n√™n l√† video ch·ªâ ng·ªìi n√≥i chuy·ªán ch√©m gi√≥, kh√¥ng ch·ªânh chu l·∫Øm, nh∆∞ng hi v·ªçng l√† n·ªôi dung s·∫Ω b·ªï √≠ch üòÅ\N\NC√°c trang t·∫°o blog:\Nhttps://medium.com\Nhttps://hashnode.com\Nhttps://dev.to\N\NTheo d√µi cho n·ªôi dung m·ªói ng√†y:\N- Ti·∫øng Vi·ªát:\NInstagram: https://instagram.com/phuctm97\NFacebook: https://facebook.com/phuctm97\N- Ti·∫øng Anh:\NTwitter: https://twitter.com/phuctm97",9808,528,0,96,0:10:23,false,,False,{}
5yiDbDW5Y5c,2021-05-17T11:00:18Z,5 Hack Gi√∫p B·∫°n T√¨m Vi·ªác Th√†nh C√¥ng,UCRDt3ECLjvUWTAzYjGBwTxA,Minh-Phuc Tran,22,none,"5 th·ªß thu·∫≠t m√¨nh d√πng khi vi·∫øt h·ªì s∆°/CV t√¨m vi·ªác, √°p d·ª•ng ƒë∆∞·ª£c cho c√°c ng√†nh s√°ng t·∫°o v√† c√¥ng ngh·ªá.\N\NLinkedIn: https://linkedin.com/in/phuctm97\NCV c·ªßa m√¨nh: https://resume.phuctm97.com\N\NM·∫´u CV: https://notion.so/CV-Template-Your-Name-5e58e516f91a4e51bbec05f256c527b5\N\NTheo d√µi cho n·ªôi dung m·ªói ng√†y:\N- Ti·∫øng Vi·ªát:\NInstagram: https://instagram.com/phuctm97\NFacebook: https://facebook.com/phuctm97\N- Ti·∫øng Anh:\NTwitter: https://twitter.com/phuctm97\N\Nƒê·ª´ng qu√™n ƒëƒÉng k√Ω k√™nh v√† chia s·∫ª ƒë·ªÉ c√πng xem nh·ªØng video ti·∫øp theo nh√© üíö",11916,739,0,111,0:13:08,false,,False,{}
F5Pd0BX9T5Q,2021-05-09T12:46:12Z,Qu√° tr√¨nh chi ti·∫øt m√¨nh apply vi·ªác 6 s·ªë USD ·ªü Vi·ªát Nam,UCRDt3ECLjvUWTAzYjGBwTxA,Minh-Phuc Tran,22,none,"C√°ch ƒë√¢y 6 th√°ng m√¨nh b·∫Øt apply c√¥ng vi·ªác t·ª´ xa ·ªü th·ªã tr∆∞·ªùng qu·ªëc t·∫ø (M·ªπ, Singapore, Ch√¢u √Çu), m√¨nh chia s·∫ª qu√° tr√¨nh chi ti·∫øt ·ªü ƒë√¢y, hi v·ªçng s·∫Ω gi√∫p ƒë∆∞·ª£c m·ªçi ng∆∞·ªùi.\N\NƒêƒÉng k√Ω k√™nh, like, v√† chia s·∫ª ƒë·ªÉ m·ªçi ng∆∞·ªùi bi·∫øt l√† h·ªç c≈©ng c√≥ th·ªÉ l√†m ƒë∆∞·ª£c nh√© üíö\N\NTheo d√µi cho n·ªôi dung m·ªói ng√†y:\N- Ti·∫øng Vi·ªát:\NInstagram: https://instagram.com/phuctm97\NFacebook: https://facebook.com/phuctm97\N- Ti·∫øng Anh:\NTwitter: https://twitter.com/phuctm97",95848,3134,0,252,0:22:05,false,,False,{}
pZmp8Y0q1JI,2021-05-02T18:16:19Z,C√≥ g√¨ vui ·ªü YouTube c·ªßa m·ªôt K·ªπ s∆∞ Vi·ªát Nam,UCRDt3ECLjvUWTAzYjGBwTxA,Minh-Phuc Tran,22,none,"Ch√†o m·ªçi ng∆∞·ªùi m√¨nh l√† Ph√∫c, m√¨nh hi·ªán ƒëang l√† m·ªôt Senior Software Engineer c√πng v·ªõi m·ªôt s·ªë side projects nh·ªè. M√¨nh chia s·∫ª h√†nh tr√¨nh, kinh nghi·ªám, v√† k·ªπ nƒÉng m√¨nh h·ªçc ƒë∆∞·ª£c tr√™n channel n√†y, hi v·ªçng s·∫Ω gi√∫p ƒë∆∞·ª£c m·ªçi ng∆∞·ªùi.\N\NN·ªôi dung ti·∫øng Vi·ªát:\N- Instagram: https://www.instagram.com/phuctm97/\N- Facebook:  https://www.facebook.com/phuctm97/\N\NN·ªôi dung ti·∫øng Anh:\N- Twitter: https://twitter.com/phuctm97/",27939,1111,0,171,0:03:37,false,,False,{}
